id;name;url;length;playing;curtime
1;mobile Fish;https://lavinia.name;15601;false;15599
2;Practical Fresh Pants;https://bryon.net;65088;false;5641
3;transmitter Implementation Electronics;https://christelle.name;30424;true;52475
4;web-readiness;http://judge.name;39986;false;4666
5;Coordinator;http://jackson.com;78517;true;19967
6;Cambridgeshire Mississippi;http://ryleigh.name;68030;false;45049
7;Automotive;https://virgil.name;80839;false;30461
8;Intelligent;https://dayne.info;68326;false;60999
9;backing up Salad;http://destiney.biz;66252;true;31171
10;Costa Rica Mayotte;http://alexandrea.org;84228;true;44975
