id;name;url;isplaying;length
1;mobile Fish;https://lavinia.name;false;44583
2;Small;http://sammie.info;true;14286
3;deposit Tasty Metal Bacon Implementation;http://cheyenne.org;false;61748
4;Home Loan Account;http://holden.com;false;52477
5;enable Gorgeous Frozen Pants;http://jackson.com;true;61838
6;syndicate;https://laron.info;false;85994
7;Yuan Renminbi Centers;http://uriel.org;true;56328
8;envisioneer Music Public-key;http://idella.net;false;60999
9;backing up Salad;http://destiney.biz;true;75536
10;convergence;http://karson.name;false;3131
